{"cameraMode":{"drawMode":0,"name":"Shaded","section":"Shading Mode"},"sceneLighting":true,"audioPlay":false,"sceneViewState":{"showFog":true,"showMaterialUpdate":true,"showSkybox":true,"showFlares":true,"showImageEffects":true,"showParticleSystems":true},"in2DMode":false,"pivot":{"x":27.995384216308595,"y":1.4976119995117188,"z":135.14859008789063},"rotation":{"x":0.25807029008865359,"y":-0.532298743724823,"z":0.17451611161231996,"w":0.7871479392051697},"size":121.8299560546875,"orthographic":false}