{"cameraMode":{"drawMode":0,"name":"Shaded","section":"Shading Mode"},"sceneLighting":true,"audioPlay":false,"sceneViewState":{"showFog":true,"showMaterialUpdate":true,"showSkybox":true,"showFlares":true,"showImageEffects":true,"showParticleSystems":true},"in2DMode":false,"pivot":{"x":75.84375,"y":51.04911804199219,"z":60.5009880065918},"rotation":{"x":-0.31876182556152346,"y":0.1267145723104477,"z":-0.018496869131922723,"w":-0.9391443729400635},"size":31.232284545898439,"orthographic":true}