{"cameraMode":{"drawMode":0,"name":"Shaded","section":"Shading Mode"},"sceneLighting":false,"audioPlay":false,"sceneViewState":{"showFog":true,"showMaterialUpdate":true,"showSkybox":true,"showFlares":true,"showImageEffects":true,"showParticleSystems":true},"in2DMode":false,"pivot":{"x":70.66617584228516,"y":33.060791015625,"z":121.643798828125},"rotation":{"x":-0.18269124627113343,"y":0.5681421160697937,"z":-0.13111786544322968,"w":-0.7916101813316345},"size":116.81615447998047,"orthographic":false}