{"cameraMode":{"drawMode":0,"name":"Shaded","section":"Shading Mode"},"sceneLighting":false,"audioPlay":false,"sceneViewState":{"showFog":true,"showMaterialUpdate":true,"showSkybox":true,"showFlares":true,"showImageEffects":true,"showParticleSystems":true},"in2DMode":false,"pivot":{"x":50.11000061035156,"y":26.219999313354493,"z":42.164283752441409},"rotation":{"x":-0.1683640480041504,"y":-0.08536597341299057,"z":0.014637194573879242,"w":-0.98191237449646},"size":10.543830871582032,"orthographic":false}