{"cameraMode":{"drawMode":0,"name":"Shaded","section":"Shading Mode"},"sceneLighting":false,"audioPlay":false,"sceneViewState":{"showFog":true,"showMaterialUpdate":true,"showSkybox":true,"showFlares":true,"showImageEffects":true,"showParticleSystems":true},"in2DMode":false,"pivot":{"x":0.0000011920928955078126,"y":-0.5000056028366089,"z":0.0},"rotation":{"x":-0.24200285971164704,"y":-0.4828932285308838,"z":0.14086830615997315,"w":-0.8297017216682434},"size":18.740346908569337,"orthographic":false}